condition,severity,count,identity,salt_pepper,blur,occlusion,top_branch
clean,none,3669,0.9809729589058482,0.00012994839991493944,0.0077273474005609185,0.011169745781313974,identity
salt_pepper,low,3669,0.045099706781477324,0.9487397209711349,0.001066742501930366,0.005093829005601112,salt_pepper
salt_pepper,medium,3669,0.0018703242751434064,0.9975076505097488,6.58574253797783e-05,0.0005561669415047549,salt_pepper
salt_pepper,high,3669,1.3280517950123654e-05,0.9999566870152902,2.896356990247649e-07,2.974588572659102e-05,salt_pepper
blur,low,3669,0.4195394076540981,8.699472005242533e-05,0.5776370136348014,0.0027365841933078205,blur
blur,medium,3669,0.121191678071457,1.2743052601463768e-05,0.8780884238233616,0.0007071550178739804,blur
blur,high,3669,0.051617407997291864,4.59817171743297e-06,0.947963893405421,0.00041409923184195717,blur
occlusion,low,3669,0.6218522743106957,0.0003050204069202148,0.002747213061349858,0.3750954916864191,identity
occlusion,medium,3669,0.12738445303017845,0.00016408834991894026,0.0005094178419857151,0.8719420423561138,occlusion
occlusion,high,3669,0.008619689384449496,3.154642682616656e-05,5.032556829234777e-05,0.9912984376383854,occlusion
