group,name,state,tags,created_at,runtime_min,config,summary,url
task1-udae,trial-000,finished,optuna-trial,2026-10-03T08:11:59Z,4.03,"{""alpha"": 0.8745991883601898, ""base_channels"": 48, ""batch_size"": 32, ""dropout"": 0.29097295564859826, ""epochs"": 10, ""latent_channels"": 128, ""lr"": 0.0003574712922600243}","{""epoch"": 10, ""lr"": 0, ""train/l1"": 0.0660157902976093, ""train/loss"": 0.1106107970294745, ""train/ssim"": 0.5783644318580627, ""val/input_psnr"": 39.5630989074707, ""val/input_ssim"": 0.7270592451095581, ""val/l1"": 0.05877700075507164, ""val/objective"": 0.12908749282360077, ""val/psnr"": 21.6149959564209, ""val/ssim"": 0.5896705389022827}",https://wandb.ai/aleenababar04-fast-nuces/genai-a1/runs/82yh0x93
task1-udae,trial-001,finished,optuna-trial,2026-10-03T08:16:03Z,5.3,"{""alpha"": 0.8533291826268561, ""base_channels"": 64, ""batch_size"": 128, ""dropout"": 0.13682099526511077, ""epochs"": 10, ""latent_channels"": 128, ""lr"": 0.0002058972819768793}","{""epoch"": 10, ""lr"": 0, ""train/l1"": 0.07365907275158426, ""train/loss"": 0.1338161774303602, ""train/ssim"": 0.5161904627862184, ""val/input_psnr"": 39.5630989074707, ""val/input_ssim"": 0.7270592451095581, ""val/l1"": 0.07144318521022797, ""val/objective"": 0.15338506698608398, ""val/psnr"": 20.063915252685547, ""val/ssim"": 0.5188474059104919}",https://wandb.ai/aleenababar04-fast-nuces/genai-a1/runs/4b2tpc4m
task1-udae,trial-002,finished,optuna-trial,2026-10-03T08:21:22Z,3.17,"{""alpha"": 0.8079048619304705, ""base_channels"": 32, ""batch_size"": 64, ""dropout"": 0.02930163420191516, ""epochs"": 10, ""latent_channels"": 128, ""lr"": 0.00019721610970574024}","{""epoch"": 10, ""lr"": 0, ""train/l1"": 0.08389840841941211, ""train/loss"": 0.16224870215291562, ""train/ssim"": 0.5082292278175768, ""val/input_psnr"": 39.5630989074707, ""val/input_ssim"": 0.7270592451095581, ""val/l1"": 0.08123410493135452, ""val/objective"": 0.16284669041633604, ""val/psnr"": 19.276287078857425, ""val/ssim"": 0.5107029676437378}",https://wandb.ai/aleenababar04-fast-nuces/genai-a1/runs/kmf2c0l4
task1-udae,trial-003,finished,optuna-trial,2026-10-03T08:24:34Z,5.28,"{""alpha"": 0.8488097705125015, ""base_channels"": 48, ""batch_size"": 64, ""dropout"": 0.29087538832936755, ""epochs"": 10, ""latent_channels"": 16, ""lr"": 0.0004468467502504586}","{""epoch"": 10, ""lr"": 0, ""train/l1"": 0.08246897177203842, ""train/loss"": 0.1424253965201585, ""train/ssim"": 0.5209682220998018, ""val/input_psnr"": 39.5630989074707, ""val/input_ssim"": 0.7270592451095581, ""val/l1"": 0.08616448193788528, ""val/objective"": 0.16451657414436338, ""val/psnr"": 19.178730010986328, ""val/ssim"": 0.5220750570297241}",https://wandb.ai/aleenababar04-fast-nuces/genai-a1/runs/c42xxvic
task1-udae,trial-004,finished,optuna-trial,2026-10-03T08:29:53Z,5.23,"{""alpha"": 0.6264205293593214, ""base_channels"": 64, ""batch_size"": 128, ""dropout"": 0.1070259980080768, ""epochs"": 10, ""latent_channels"": 128, ""lr"": 0.002442046084491142}","{""epoch"": 10, ""lr"": 0, ""train/l1"": 0.09579565181680348, ""train/loss"": 0.2691733305868895, ""train/ssim"": 0.4401058269583661, ""val/input_psnr"": 39.5630989074707, ""val/input_ssim"": 0.7270592451095581, ""val/l1"": 0.09357282519340517, ""val/objective"": 0.1862927317619323, ""val/psnr"": 18.045106887817383, ""val/ssim"": 0.44282764196395874}",https://wandb.ai/aleenababar04-fast-nuces/genai-a1/runs/421tma8l
task1-udae,trial-005,finished,optuna-trial,2026-10-03T08:35:08Z,0.93,"{""alpha"": 0.5333200932803407, ""base_channels"": 32, ""batch_size"": 64, ""dropout"": 0.2313811040057837, ""epochs"": 10, ""latent_channels"": 16, ""lr"": 0.000633326877532184}","{""epoch"": 3, ""lr"": 0.0005027935380130216, ""train/l1"": 0.09698409700523251, ""train/loss"": 0.30221559884755506, ""train/ssim"": 0.4632465664459311, ""val/input_psnr"": 39.5630989074707, ""val/input_ssim"": 0.7270592451095581, ""val/l1"": 0.10030725598335266, ""val/objective"": 0.1868162453174591, ""val/psnr"": 17.698060989379883, ""val/ssim"": 0.4671477973461151}",https://wandb.ai/aleenababar04-fast-nuces/genai-a1/runs/3k8rqfp6
task1-udae,trial-006,finished,optuna-trial,2026-10-03T08:36:05Z,5.2,"{""alpha"": 0.5538174106722358, ""base_channels"": 64, ""batch_size"": 64, ""dropout"": 0.14166447754858477, ""epochs"": 10, ""latent_channels"": 16, ""lr"": 0.00033845220412011414}","{""epoch"": 10, ""lr"": 0, ""train/l1"": 0.07929250403590825, ""train/loss"": 0.2379472456548525, ""train/ssim"": 0.5651249328385228, ""val/input_psnr"": 39.5630989074707, ""val/input_ssim"": 0.7270592451095581, ""val/l1"": 0.07397568970918655, ""val/objective"": 0.1437403619289398, ""val/psnr"": 20.111648559570312, ""val/ssim"": 0.5772009491920471}",https://wandb.ai/aleenababar04-fast-nuces/genai-a1/runs/4seyd4uq
task1-udae,trial-007,finished,optuna-trial,2026-10-03T08:41:20Z,1.55,"{""alpha"": 0.7288568110241163, ""base_channels"": 64, ""batch_size"": 128, ""dropout"": 0.094306794322898, ""epochs"": 10, ""latent_channels"": 32, ""lr"": 0.001131225105716033}","{""epoch"": 3, ""lr"": 0.0008980712699394556, ""train/l1"": 0.1115312582772711, ""train/loss"": 0.2449128465807956, ""train/ssim"": 0.3965456770813983, ""val/input_psnr"": 39.5630989074707, ""val/input_ssim"": 0.7270592451095581, ""val/l1"": 0.12015704810619354, ""val/objective"": 0.21824323534965512, ""val/psnr"": 16.597631454467773, ""val/ssim"": 0.3894120156764984}",https://wandb.ai/aleenababar04-fast-nuces/genai-a1/runs/di6fmjnl
task1-udae,trial-008,finished,optuna-trial,2026-10-03T08:42:54Z,0.95,"{""alpha"": 0.8616524346046015, ""base_channels"": 32, ""batch_size"": 128, ""dropout"": 0.2614381770563153, ""epochs"": 10, ""latent_channels"": 64, ""lr"": 0.0021907142272152816}","{""epoch"": 3, ""lr"": 0.0017391918709798633, ""train/l1"": 0.10555915923222252, ""train/loss"": 0.17263134342172873, ""train/ssim"": 0.4096315438332765, ""val/input_psnr"": 39.5630989074707, ""val/input_ssim"": 0.7270592451095581, ""val/l1"": 0.11458542943000792, ""val/objective"": 0.2099067986011505, ""val/psnr"": 16.585229873657227, ""val/ssim"": 0.4088077247142792}",https://wandb.ai/aleenababar04-fast-nuces/genai-a1/runs/sdgrn0vi
task1-udae,trial-009,finished,optuna-trial,2026-10-03T08:43:53Z,5.28,"{""alpha"": 0.7298362861599046, ""base_channels"": 64, ""batch_size"": 32, ""dropout"": 0.002085639159357211, ""epochs"": 10, ""latent_channels"": 16, ""lr"": 0.00018861950443028856}","{""epoch"": 10, ""lr"": 0, ""train/l1"": 0.06474355025135953, ""train/loss"": 0.1511816602686177, ""train/ssim"": 0.6153093025736187, ""val/input_psnr"": 39.5630989074707, ""val/input_ssim"": 0.7270592451095581, ""val/l1"": 0.06013097986578941, ""val/objective"": 0.1244943231344223, ""val/psnr"": 21.538816452026367, ""val/ssim"": 0.6180523037910461}",https://wandb.ai/aleenababar04-fast-nuces/genai-a1/runs/fs91c6lr
task1-udae,trial-010,finished,optuna-trial,2026-10-03T08:49:12Z,5.27,"{""alpha"": 0.7420849364134898, ""base_channels"": 64, ""batch_size"": 32, ""dropout"": 0.07814036597150843, ""epochs"": 10, ""latent_channels"": 16, ""lr"": 0.00017583348778851948}","{""epoch"": 10, ""lr"": 0, ""train/l1"": 0.07760424774302088, ""train/loss"": 0.1634864836283352, ""train/ssim"": 0.5894092165905497, ""val/input_psnr"": 39.5630989074707, ""val/input_ssim"": 0.7270592451095581, ""val/l1"": 0.07096225023269653, ""val/objective"": 0.13635581731796265, ""val/psnr"": 20.416318893432617, ""val/ssim"": 0.6020699143409729}",https://wandb.ai/aleenababar04-fast-nuces/genai-a1/runs/jqhszjcz
task1-udae,trial-011,finished,optuna-trial,2026-10-03T08:54:30Z,4.07,"{""alpha"": 0.8869815937967165, ""base_channels"": 48, ""batch_size"": 32, ""dropout"": 0.2286373420345964, ""epochs"": 10, ""latent_channels"": 128, ""lr"": 0.0006432517040354039}","{""epoch"": 10, ""lr"": 0, ""train/l1"": 0.07562744876612788, ""train/loss"": 0.11355706190933353, ""train/ssim"": 0.5887669506280319, ""val/input_psnr"": 39.5630989074707, ""val/input_ssim"": 0.7270592451095581, ""val/l1"": 0.06988038867712021, ""val/objective"": 0.13590778708457946, ""val/psnr"": 20.52462577819824, ""val/ssim"": 0.5999826192855835}",https://wandb.ai/aleenababar04-fast-nuces/genai-a1/runs/gm613lnh
task1-udae,trial-012,finished,optuna-trial,2026-10-03T08:58:35Z,5.28,"{""alpha"": 0.906968016507316, ""base_channels"": 64, ""batch_size"": 32, ""dropout"": 0.2844905471037488, ""epochs"": 10, ""latent_channels"": 64, ""lr"": 0.00014318273902293082}","{""epoch"": 10, ""lr"": 0, ""train/l1"": 0.07024036015829314, ""train/loss"": 0.10643539480541064, ""train/ssim"": 0.5406994832598645, ""val/input_psnr"": 39.5630989074707, ""val/input_ssim"": 0.7270592451095581, ""val/l1"": 0.06322894245386124, ""val/objective"": 0.14063153862953184, ""val/psnr"": 21.01636505126953, ""val/ssim"": 0.5497580766677856}",https://wandb.ai/aleenababar04-fast-nuces/genai-a1/runs/0n1ad611
task1-udae,trial-013,finished,optuna-trial,2026-10-03T09:03:53Z,2.63,"{""alpha"": 0.6843264365479822, ""base_channels"": 64, ""batch_size"": 32, ""dropout"": 0.25776546150973595, ""epochs"": 10, ""latent_channels"": 16, ""lr"": 0.00012860323265248452}","{""epoch"": 5, ""lr"": 6.430161632624227e-05, ""train/l1"": 0.08832292307330214, ""train/loss"": 0.21405807234670804, ""train/ssim"": 0.5133695540868718, ""val/input_psnr"": 39.5630989074707, ""val/input_ssim"": 0.7270592451095581, ""val/l1"": 0.07947943359613419, ""val/objective"": 0.15719305872917175, ""val/psnr"": 19.471454620361328, ""val/ssim"": 0.531952440738678}",https://wandb.ai/aleenababar04-fast-nuces/genai-a1/runs/lop2oguy
task1-udae,trial-014,finished,optuna-trial,2026-10-03T09:06:33Z,4.03,"{""alpha"": 0.6834104172144265, ""base_channels"": 48, ""batch_size"": 32, ""dropout"": 0.2825201555743475, ""epochs"": 10, ""latent_channels"": 128, ""lr"": 0.0007567396795514133}","{""epoch"": 10, ""lr"": 0, ""train/l1"": 0.07571242612017237, ""train/loss"": 0.1717717982828617, ""train/ssim"": 0.6208683388388675, ""val/input_psnr"": 39.5630989074707, ""val/input_ssim"": 0.7270592451095581, ""val/l1"": 0.06891968846321106, ""val/objective"": 0.12813215255737304, ""val/psnr"": 20.684341430664062, ""val/ssim"": 0.635017991065979}",https://wandb.ai/aleenababar04-fast-nuces/genai-a1/runs/lsr3a8xz
task1-udae,trial-015,finished,optuna-trial,2026-10-03T09:10:37Z,1.62,"{""alpha"": 0.6059177015037683, ""base_channels"": 48, ""batch_size"": 32, ""dropout"": 0.18595328081746176, ""epochs"": 10, ""latent_channels"": 128, ""lr"": 0.0003384516438947472}","{""epoch"": 4, ""lr"": 0.00022151947681618096, ""train/l1"": 0.08557671421895856, ""train/loss"": 0.22863969611732857, ""train/ssim"": 0.5513951104620228, ""val/input_psnr"": 39.5630989074707, ""val/input_ssim"": 0.7270592451095581, ""val/l1"": 0.10087595134973526, ""val/objective"": 0.17072297930717467, ""val/psnr"": 18.09906578063965, ""val/ssim"": 0.5498889088630676}",https://wandb.ai/aleenababar04-fast-nuces/genai-a1/runs/36hqcl4j
task1-udae,trial-016,finished,optuna-trial,2026-10-03T09:12:15Z,2.68,"{""alpha"": 0.7719192792194922, ""base_channels"": 64, ""batch_size"": 32, ""dropout"": 0.2404449250711565, ""epochs"": 10, ""latent_channels"": 16, ""lr"": 0.00045404443201910345}","{""epoch"": 5, ""lr"": 0.00022702221600955173, ""train/l1"": 0.0853966119820657, ""train/loss"": 0.17235722975886386, ""train/ssim"": 0.5333321418451227, ""val/input_psnr"": 39.5630989074707, ""val/input_ssim"": 0.7270592451095581, ""val/l1"": 0.08336832374334335, ""val/objective"": 0.15576928257942196, ""val/psnr"": 19.37531280517578, ""val/ssim"": 0.5546268820762634}",https://wandb.ai/aleenababar04-fast-nuces/genai-a1/runs/r6kn85qm
task1-udae,trial-017,finished,optuna-trial,2026-10-03T09:14:58Z,5.32,"{""alpha"": 0.6397099251374101, ""base_channels"": 64, ""batch_size"": 32, ""dropout"": 0.01523190995112772, ""epochs"": 10, ""latent_channels"": 128, ""lr"": 0.0006032669419984034}","{""epoch"": 10, ""lr"": 0, ""train/l1"": 0.07148117928401283, ""train/loss"": 0.1671055820973023, ""train/ssim"": 0.663109346576359, ""val/input_psnr"": 39.5630989074707, ""val/input_ssim"": 0.7270592451095581, ""val/l1"": 0.06655050069093704, ""val/objective"": 0.11970191597938536, ""val/psnr"": 21.01509666442871, ""val/ssim"": 0.6676924228668213}",https://wandb.ai/aleenababar04-fast-nuces/genai-a1/runs/1jr0smxi
task1-udae,trial-018,finished,optuna-trial,2026-10-03T09:20:19Z,5.3,"{""alpha"": 0.6537342420479603, ""base_channels"": 64, ""batch_size"": 32, ""dropout"": 0.03605185419655256, ""epochs"": 10, ""latent_channels"": 16, ""lr"": 0.000430494722484182}","{""epoch"": 10, ""lr"": 0, ""train/l1"": 0.07467964647904686, ""train/loss"": 0.17515488438632176, ""train/ssim"": 0.6351523755685143, ""val/input_psnr"": 39.5630989074707, ""val/input_ssim"": 0.7270592451095581, ""val/l1"": 0.06839123368263245, ""val/objective"": 0.12555775642395017, ""val/psnr"": 20.78215217590332, ""val/ssim"": 0.6457761526107788}",https://wandb.ai/aleenababar04-fast-nuces/genai-a1/runs/m1lcyok0
task1-udae,trial-019,finished,optuna-trial,2026-10-03T09:25:38Z,5.3,"{""alpha"": 0.6692442572025631, ""base_channels"": 64, ""batch_size"": 32, ""dropout"": 0.05936748845326679, ""epochs"": 10, ""latent_channels"": 128, ""lr"": 0.00026476152544747375}","{""epoch"": 10, ""lr"": 0, ""train/l1"": 0.07327877276617548, ""train/loss"": 0.16764415573814642, ""train/ssim"": 0.6414188924043075, ""val/input_psnr"": 39.5630989074707, ""val/input_ssim"": 0.7270592451095581, ""val/l1"": 0.06827277690172195, ""val/objective"": 0.12535427212715147, ""val/psnr"": 20.78068733215332, ""val/ssim"": 0.6463197469711304}",https://wandb.ai/aleenababar04-fast-nuces/genai-a1/runs/bx24ynl9
task1-udae,trial-020,finished,optuna-trial,2026-10-03T09:30:57Z,5.3,"{""alpha"": 0.5522272229155434, ""base_channels"": 64, ""batch_size"": 32, ""dropout"": 0.0345881205177096, ""epochs"": 10, ""latent_channels"": 128, ""lr"": 0.0006315422233077335}","{""epoch"": 10, ""lr"": 0, ""train/l1"": 0.0721168475954429, ""train/loss"": 0.18873109506524127, ""train/ssim"": 0.6674513959366343, ""val/input_psnr"": 39.5630989074707, ""val/input_ssim"": 0.7270592451095581, ""val/l1"": 0.06705528497695923, ""val/objective"": 0.11922733783721924, ""val/psnr"": 20.9606990814209, ""val/ssim"": 0.6720844507217407}",https://wandb.ai/aleenababar04-fast-nuces/genai-a1/runs/9zirmwfl
task1-udae,trial-021,finished,optuna-trial,2026-10-03T09:36:17Z,1.58,"{""alpha"": 0.633825084329319, ""base_channels"": 64, ""batch_size"": 32, ""dropout"": 0.002245100962934891, ""epochs"": 10, ""latent_channels"": 128, ""lr"": 0.0011232406762673027}","{""epoch"": 3, ""lr"": 0.0008917324902761237, ""train/l1"": 0.08912229910492897, ""train/loss"": 0.23241722583770752, ""train/ssim"": 0.5195485133191814, ""val/input_psnr"": 39.5630989074707, ""val/input_ssim"": 0.7270592451095581, ""val/l1"": 0.08880723267793655, ""val/objective"": 0.16615245938301085, ""val/psnr"": 18.8348331451416, ""val/ssim"": 0.5244666337966919}",https://wandb.ai/aleenababar04-fast-nuces/genai-a1/runs/3toxie5q
task1-udae,trial-022,finished,optuna-trial,2026-10-03T09:37:54Z,1.58,"{""alpha"": 0.5288486741743799, ""base_channels"": 64, ""batch_size"": 32, ""dropout"": 0.01217864459336598, ""epochs"": 10, ""latent_channels"": 128, ""lr"": 0.000880728697553934}","{""epoch"": 3, ""lr"": 0.0006992040186234471, ""train/l1"": 0.0875362009619889, ""train/loss"": 0.2621501677710077, ""train/ssim"": 0.5418525684786879, ""val/input_psnr"": 39.5630989074707, ""val/input_ssim"": 0.7270592451095581, ""val/l1"": 0.14263880252838135, ""val/objective"": 0.2184296429157257, ""val/psnr"": 15.37723445892334, ""val/ssim"": 0.4784069955348969}",https://wandb.ai/aleenababar04-fast-nuces/genai-a1/runs/ykcyp28w
task1-udae,trial-023,finished,optuna-trial,2026-10-03T09:39:31Z,5.3,"{""alpha"": 0.6486617873103366, ""base_channels"": 64, ""batch_size"": 32, ""dropout"": 0.10317479322228304, ""epochs"": 10, ""latent_channels"": 128, ""lr"": 0.0007353420522346008}","{""epoch"": 10, ""lr"": 0, ""train/l1"": 0.07321209703450618, ""train/loss"": 0.17098264460978302, ""train/ssim"": 0.6485074745572131, ""val/input_psnr"": 39.5630989074707, ""val/input_ssim"": 0.7270592451095581, ""val/l1"": 0.06739199906587601, ""val/objective"": 0.12242276072502135, ""val/psnr"": 20.906457901000977, ""val/ssim"": 0.6574541926383972}",https://wandb.ai/aleenababar04-fast-nuces/genai-a1/runs/57vi4xrk
task1-udae,trial-024,finished,optuna-trial,2026-10-03T09:44:51Z,2.65,"{""alpha"": 0.6315927675708426, ""base_channels"": 64, ""batch_size"": 32, ""dropout"": 0.07347820680822241, ""epochs"": 10, ""latent_channels"": 128, ""lr"": 0.0008972803181695648}","{""epoch"": 5, ""lr"": 0.0004486401590847824, ""train/l1"": 0.08076610424272392, ""train/loss"": 0.201763150970573, ""train/ssim"": 0.5908010025387225, ""val/input_psnr"": 39.5630989074707, ""val/input_ssim"": 0.7270592451095581, ""val/l1"": 0.0917542800307274, ""val/objective"": 0.15676899552345275, ""val/psnr"": 18.53892707824707, ""val/ssim"": 0.5831721425056458}",https://wandb.ai/aleenababar04-fast-nuces/genai-a1/runs/fc18ryrq
task1-udae,trial-025,finished,optuna-trial,2026-10-03T09:47:32Z,1.57,"{""alpha"": 0.5961785509480256, ""base_channels"": 64, ""batch_size"": 128, ""dropout"": 0.009665204338732148, ""epochs"": 10, ""latent_channels"": 128, ""lr"": 0.0004185486578462922}","{""epoch"": 3, ""lr"": 0.00033228269314757557, ""train/l1"": 0.09973901315875676, ""train/loss"": 0.28468181775963824, ""train/ssim"": 0.4422793271748916, ""val/input_psnr"": 39.5630989074707, ""val/input_ssim"": 0.7270592451095581, ""val/l1"": 0.0985826849937439, ""val/objective"": 0.1876266479492187, ""val/psnr"": 17.689311981201172, ""val/ssim"": 0.45619750022888184}",https://wandb.ai/aleenababar04-fast-nuces/genai-a1/runs/u86woal5
task1-udae,trial-026,finished,optuna-trial,2026-10-03T09:49:09Z,5.35,"{""alpha"": 0.5738521358421547, ""base_channels"": 64, ""batch_size"": 32, ""dropout"": 0.135913540440316, ""epochs"": 10, ""latent_channels"": 128, ""lr"": 0.0007315743131488318}","{""epoch"": 10, ""lr"": 0, ""train/l1"": 0.07369886711239815, ""train/loss"": 0.19160644758654677, ""train/ssim"": 0.6496188225953475, ""val/input_psnr"": 39.5630989074707, ""val/input_ssim"": 0.7270592451095581, ""val/l1"": 0.06759537011384964, ""val/objective"": 0.1222196280956268, ""val/psnr"": 20.883350372314453, ""val/ssim"": 0.6592833399772644}",https://wandb.ai/aleenababar04-fast-nuces/genai-a1/runs/nq874paa
task1-udae,trial-027,finished,optuna-trial,2026-10-03T09:54:32Z,1.58,"{""alpha"": 0.5343469589748959, ""base_channels"": 64, ""batch_size"": 64, ""dropout"": 0.09072507068324329, ""epochs"": 10, ""latent_channels"": 128, ""lr"": 0.0008481999670226619}","{""epoch"": 3, ""lr"": 0.0006733796993167722, ""train/l1"": 0.0982308083254358, ""train/loss"": 0.3086776869452518, ""train/ssim"": 0.4498299347317737, ""val/input_psnr"": 39.5630989074707, ""val/input_ssim"": 0.7270592451095581, ""val/l1"": 0.10850963741540907, ""val/objective"": 0.1940453350543976, ""val/psnr"": 17.09112548828125, ""val/ssim"": 0.4638118743896485}",https://wandb.ai/aleenababar04-fast-nuces/genai-a1/runs/i7sm14f2
task1-udae,trial-028,finished,optuna-trial,2026-10-03T09:56:08Z,5.37,"{""alpha"": 0.7027494571508666, ""base_channels"": 64, ""batch_size"": 32, ""dropout"": 0.041005145477866434, ""epochs"": 10, ""latent_channels"": 128, ""lr"": 0.0006160265193060409}","{""epoch"": 10, ""lr"": 0, ""train/l1"": 0.0723105243852605, ""train/loss"": 0.15454076343904372, ""train/ssim"": 0.6510533366514288, ""val/input_psnr"": 39.5630989074707, ""val/input_ssim"": 0.7270592451095581, ""val/l1"": 0.0670587494969368, ""val/objective"": 0.12213079333305356, ""val/psnr"": 20.951784133911133, ""val/ssim"": 0.6575810313224792}",https://wandb.ai/aleenababar04-fast-nuces/genai-a1/runs/suc51flv
task1-udae,trial-029,finished,optuna-trial,2026-10-03T10:01:32Z,5.35,"{""alpha"": 0.8068084290044163, ""base_channels"": 64, ""batch_size"": 32, ""dropout"": 0.08059164603320326, ""epochs"": 10, ""latent_channels"": 128, ""lr"": 0.0007990276691539547}","{""epoch"": 10, ""lr"": 0, ""train/l1"": 0.07333718110685764, ""train/loss"": 0.13132875307422617, ""train/ssim"": 0.6264863007742426, ""val/input_psnr"": 39.5630989074707, ""val/input_ssim"": 0.7270592451095581, ""val/l1"": 0.0678105279803276, ""val/objective"": 0.12716662287712094, ""val/psnr"": 20.828109741210938, ""val/ssim"": 0.6354089975357056}",https://wandb.ai/aleenababar04-fast-nuces/genai-a1/runs/muo53h33
task1-udae,final-task1_udae,finished,final,2026-10-03T10:07:01Z,43.08,"{""alpha"": 0.5522272229155434, ""base_channels"": 64, ""batch_size"": 32, ""dropout"": 0.0345881205177096, ""epochs"": 80, ""latent_channels"": 128, ""lr"": 0.0006315422233077335, ""skip"": false}","{""best/epoch"": 76, ""best/input_psnr"": 39.5630989074707, ""best/input_ssim"": 0.7270592451095581, ""best/l1"": 0.041882503777742386, ""best/objective"": 0.0786327987909317, ""best/psnr"": 24.542236328125, ""best/ssim"": 0.774366021156311, ""epoch"": 80, ""lr"": 0, ""train/l1"": 0.04297453906063153, ""train/loss"": 0.11768634779297787, ""train/ssim"": 0.7901733990596689, ""val/input_psnr"": 39.5630989074707, ""val/input_ssim"": 0.7270592451095581, ""val/l1"": 0.041883837431669235, ""val/objective"": 0.07864036262035369, ""val/psnr"": 24.543136596679688, ""val/ssim"": 0.7743335366249084}",https://wandb.ai/aleenababar04-fast-nuces/genai-a1/runs/jf5cb9cp
task1-udae,final-task1_udae_skip,finished,final,2026-10-03T10:50:14Z,44.22,"{""alpha"": 0.5522272229155434, ""base_channels"": 64, ""batch_size"": 32, ""dropout"": 0.0345881205177096, ""epochs"": 80, ""latent_channels"": 128, ""lr"": 0.0006315422233077335, ""skip"": true}","{""best/epoch"": 70, ""best/input_psnr"": 39.5630989074707, ""best/input_ssim"": 0.7270592451095581, ""best/l1"": 0.027978844940662384, ""best/objective"": 0.04671851992607117, ""best/psnr"": 27.9929256439209, ""best/ssim"": 0.8783227801322937, ""epoch"": 80, ""lr"": 0, ""train/l1"": 0.0300350413536248, ""train/loss"": 0.07195700158405563, ""train/ssim"": 0.8763416655685591, ""val/input_psnr"": 39.5630989074707, ""val/input_ssim"": 0.7270592451095581, ""val/l1"": 0.028383197262883183, ""val/objective"": 0.047347034513950344, ""val/psnr"": 27.917993545532227, ""val/ssim"": 0.876797616481781}",https://wandb.ai/aleenababar04-fast-nuces/genai-a1/runs/jhbnxhm1
task1-udae,eval-task1_udae,finished,eval,2026-10-03T11:36:31Z,0.02,"{""alpha"": 0.5522272229155434, ""base_channels"": 64, ""batch_size"": 32, ""dropout"": 0.0345881205177096, ""latent_channels"": 128, ""lr"": 0.0006315422233077335, ""skip"": false, ""test_items"": 36690}","{""test/l1"": 0.0440487414598465, ""test/psnr"": 24.08874130249023, ""test/ssim"": 0.7615611553192139}",https://wandb.ai/aleenababar04-fast-nuces/genai-a1/runs/b9mpr733
task1-udae,eval-task1_udae_skip,finished,eval,2026-10-03T11:38:39Z,0.02,"{""alpha"": 0.5522272229155434, ""base_channels"": 64, ""batch_size"": 32, ""dropout"": 0.0345881205177096, ""latent_channels"": 128, ""lr"": 0.0006315422233077335, ""skip"": true, ""test_items"": 36690}","{""test/l1"": 0.03061273880302906, ""test/psnr"": 27.089216232299805, ""test/ssim"": 0.8588736057281494}",https://wandb.ai/aleenababar04-fast-nuces/genai-a1/runs/ln48o4q7
task2-classifier,trial-000,finished,optuna-trial,2026-10-03T11:32:43Z,0.68,"{""batch_size"": 32, ""channels"": ""small"", ""dropout"": 0.4330880728874676, ""epochs"": 6, ""lr"": 0.0003574712922600243, ""weight_decay"": 6.358358856676247e-05}","{""epoch"": 6, ""lr"": 0, ""train/accuracy"": 0.9904891304347826, ""train/loss"": 0.040029127029297146, ""val/accuracy"": 0.9911684782608696, ""val/loss"": 0.037225451320409775, ""val/macro_f1"": 0.9911750314680556, ""val/macro_precision"": 0.9911992428969896, ""val/macro_recall"": 0.9911684782608696}",https://wandb.ai/aleenababar04-fast-nuces/genai-a1/runs/uk8z7es7
task2-classifier,trial-001,finished,optuna-trial,2026-10-03T11:33:25Z,0.67,"{""batch_size"": 64, ""channels"": ""small"", ""dropout"": 0.15212112147976886, ""epochs"": 6, ""lr"": 0.0011114989443094978, ""weight_decay"": 3.752055855124284e-05}","{""epoch"": 6, ""lr"": 0, ""train/accuracy"": 0.990828804347826, ""train/loss"": 0.039180918900377074, ""val/accuracy"": 0.9887907608695652, ""val/loss"": 0.03824625536799431, ""val/macro_f1"": 0.9887777493322664, ""val/macro_precision"": 0.988817942426856, ""val/macro_recall"": 0.9887907608695652}",https://wandb.ai/aleenababar04-fast-nuces/genai-a1/runs/hbni1ihz
task2-classifier,trial-002,finished,optuna-trial,2026-10-03T11:34:07Z,2.12,"{""batch_size"": 64, ""channels"": ""large"", ""dropout"": 0.3925879806965068, ""epochs"": 6, ""lr"": 0.0004345454109729479, ""weight_decay"": 3.972110727381911e-06}","{""epoch"": 6, ""lr"": 0, ""train/accuracy"": 0.9901494565217392, ""train/loss"": 0.031588604633250965, ""val/accuracy"": 0.9877717391304348, ""val/loss"": 0.039545584470033646, ""val/macro_f1"": 0.9877429630655596, ""val/macro_precision"": 0.9880515673155958, ""val/macro_recall"": 0.9877717391304348}",https://wandb.ai/aleenababar04-fast-nuces/genai-a1/runs/9es5o4m1
task2-classifier,trial-003,finished,optuna-trial,2026-10-03T11:36:16Z,0.73,"{""batch_size"": 128, ""channels"": ""large"", ""dropout"": 0.4828160165372797, ""epochs"": 6, ""lr"": 0.0005748924681991981, ""weight_decay"": 0.0002661901888489054}","{""epoch"": 2, ""lr"": 0.0004311693511493986, ""train/accuracy"": 0.967391304347826, ""train/loss"": 0.11149491564087244, ""val/accuracy"": 0.740828804347826, ""val/loss"": 0.5707430839538574, ""val/macro_f1"": 0.7203916801925229, ""val/macro_precision"": 0.8110712831616838, ""val/macro_recall"": 0.7408288043478262}",https://wandb.ai/aleenababar04-fast-nuces/genai-a1/runs/s73p3mb8
task2-classifier,trial-004,finished,optuna-trial,2026-10-03T11:37:01Z,0.42,"{""batch_size"": 64, ""channels"": ""medium"", ""dropout"": 0.45466020103939103, ""epochs"": 6, ""lr"": 0.00028180680291847244, ""weight_decay"": 5.975027999960295e-06}","{""epoch"": 2, ""lr"": 0.00021135510218885431, ""train/accuracy"": 0.9490489130434784, ""train/loss"": 0.16368658111795134, ""val/accuracy"": 0.9565217391304348, ""val/loss"": 0.151621013879776, ""val/macro_f1"": 0.95590993102611, ""val/macro_precision"": 0.9578136401707342, ""val/macro_recall"": 0.9565217391304348}",https://wandb.ai/aleenababar04-fast-nuces/genai-a1/runs/61v8ryng
task2-classifier,trial-005,finished,optuna-trial,2026-10-03T11:37:27Z,0.42,"{""batch_size"": 128, ""channels"": ""medium"", ""dropout"": 0.46974947078209456, ""epochs"": 6, ""lr"": 0.000951975448269268, ""weight_decay"": 0.00048359527764659497}","{""epoch"": 2, ""lr"": 0.000713981586201951, ""train/accuracy"": 0.9653532608695652, ""train/loss"": 0.12433800749156786, ""val/accuracy"": 0.735733695652174, ""val/loss"": 0.6403089761734009, ""val/macro_f1"": 0.7182796452600777, ""val/macro_precision"": 0.8116457282119932, ""val/macro_recall"": 0.7357336956521738}",https://wandb.ai/aleenababar04-fast-nuces/genai-a1/runs/e5pvna4t
task2-classifier,trial-006,finished,optuna-trial,2026-10-03T11:37:54Z,0.57,"{""batch_size"": 32, ""channels"": ""large"", ""dropout"": 0.13567451588694796, ""epochs"": 6, ""lr"": 0.0007641361869233315, ""weight_decay"": 0.0003063462210622083}","{""epoch"": 2, ""lr"": 0.0005731021401924987, ""train/accuracy"": 0.9643342391304348, ""train/loss"": 0.10472565091660488, ""val/accuracy"": 0.9738451086956522, ""val/loss"": 0.08797639608383179, ""val/macro_f1"": 0.9738130555957408, ""val/macro_precision"": 0.9747178397710636, ""val/macro_recall"": 0.9738451086956522}",https://wandb.ai/aleenababar04-fast-nuces/genai-a1/runs/rs7cag4n
task2-classifier,trial-007,finished,optuna-trial,2026-10-03T11:38:30Z,0.73,"{""batch_size"": 64, ""channels"": ""large"", ""dropout"": 0.3861223846483287, ""epochs"": 6, ""lr"": 0.0003364867144187955, ""weight_decay"": 3.945908811099999e-06}","{""epoch"": 2, ""lr"": 0.00025236503581409664, ""train/accuracy"": 0.9646739130434784, ""train/loss"": 0.11651682756517244, ""val/accuracy"": 0.9646739130434784, ""val/loss"": 0.10373242199420928, ""val/macro_f1"": 0.9647864268290196, ""val/macro_precision"": 0.9657084313708466, ""val/macro_recall"": 0.9646739130434784}",https://wandb.ai/aleenababar04-fast-nuces/genai-a1/runs/5knu17uu
task2-classifier,trial-008,finished,optuna-trial,2026-10-03T11:39:16Z,0.23,"{""batch_size"": 32, ""channels"": ""small"", ""dropout"": 0.05793452976256486, ""epochs"": 6, ""lr"": 0.0001018959297939515, ""weight_decay"": 0.00038842777547031416}","{""epoch"": 2, ""lr"": 7.642194734546362e-05, ""train/accuracy"": 0.9449728260869564, ""train/loss"": 0.19950349847583668, ""val/accuracy"": 0.9548233695652174, ""val/loss"": 0.1680590659379959, ""val/macro_f1"": 0.9546702217340608, ""val/macro_precision"": 0.9560545124344316, ""val/macro_recall"": 0.9548233695652176}",https://wandb.ai/aleenababar04-fast-nuces/genai-a1/runs/vsbjtzuo
task2-classifier,trial-009,finished,optuna-trial,2026-10-03T11:39:33Z,0.35,"{""batch_size"": 32, ""channels"": ""medium"", ""dropout"": 0.44360637128816327, ""epochs"": 6, ""lr"": 0.0008330803890301997, ""weight_decay"": 2.610025650613475e-05}","{""epoch"": 2, ""lr"": 0.0006248102917726498, ""train/accuracy"": 0.9650135869565216, ""train/loss"": 0.11500743942578202, ""val/accuracy"": 0.9371603260869564, ""val/loss"": 0.15101967751979828, ""val/macro_f1"": 0.9360890940564744, ""val/macro_precision"": 0.9465914985781818, ""val/macro_recall"": 0.9371603260869564}",https://wandb.ai/aleenababar04-fast-nuces/genai-a1/runs/h682fq62
task2-classifier,trial-010,finished,optuna-trial,2026-10-03T11:39:56Z,0.25,"{""batch_size"": 32, ""channels"": ""small"", ""dropout"": 0.3405733823357181, ""epochs"": 6, ""lr"": 0.00017253062227930066, ""weight_decay"": 1.2645147405946698e-05}","{""epoch"": 2, ""lr"": 0.0001293979667094755, ""train/accuracy"": 0.9483695652173914, ""train/loss"": 0.18105038457914535, ""val/accuracy"": 0.962296195652174, ""val/loss"": 0.14278829097747803, ""val/macro_f1"": 0.9621580989015124, ""val/macro_precision"": 0.9636485496409094, ""val/macro_recall"": 0.9622961956521738}",https://wandb.ai/aleenababar04-fast-nuces/genai-a1/runs/dhv8s8r0
task2-classifier,trial-011,finished,optuna-trial,2026-10-03T11:40:14Z,0.25,"{""batch_size"": 64, ""channels"": ""small"", ""dropout"": 0.08882160295553455, ""epochs"": 6, ""lr"": 0.0010164584534021876, ""weight_decay"": 2.174067331543753e-05}","{""epoch"": 2, ""lr"": 0.0007623438400516407, ""train/accuracy"": 0.9605978260869564, ""train/loss"": 0.12427286544571751, ""val/accuracy"": 0.9707880434782608, ""val/loss"": 0.11751214414834976, ""val/macro_f1"": 0.970693548227032, ""val/macro_precision"": 0.9706742056348278, ""val/macro_recall"": 0.970788043478261}",https://wandb.ai/aleenababar04-fast-nuces/genai-a1/runs/jtizwhm3
task2-classifier,final-task2_classifier,finished,final,2026-10-03T11:40:40Z,2.82,"{""batch_size"": 32, ""channels"": ""small"", ""dropout"": 0.4330880728874676, ""epochs"": 25, ""lr"": 0.0003574712922600243, ""weight_decay"": 6.358358856676247e-05}","{""best/accuracy"": 0.9955842391304348, ""best/epoch"": 22, ""best/loss"": 0.016344495117664337, ""best/macro_f1"": 0.9955848720376324, ""best/macro_precision"": 0.9955996659304354, ""best/macro_recall"": 0.9955842391304348, ""epoch"": 25, ""lr"": 0, ""train/accuracy"": 0.9979619565217392, ""train/loss"": 0.010101670794107991, ""val/accuracy"": 0.9949048913043478, ""val/loss"": 0.016390511766076088, ""val/macro_f1"": 0.9949054557593536, ""val/macro_precision"": 0.9949320213283772, ""val/macro_recall"": 0.994904891304348}",https://wandb.ai/aleenababar04-fast-nuces/genai-a1/runs/tsdr950a
task2-eval,eval-task2,finished,eval,2026-10-03T13:21:17Z,0.02,"{""test_items"": 36690}","{""test/classifier_accuracy"": 0.9961024802398474, ""test/classifier_macro_f1"": 0.9935866702412204, ""test/classifier_macro_precision"": 0.9921935893396766, ""test/classifier_macro_recall"": 0.9950258926137912, ""test/oracle_psnr"": 31.26291275024414, ""test/predicted_psnr"": 31.185039520263672}",https://wandb.ai/aleenababar04-fast-nuces/genai-a1/runs/bjx74ufv
task2-specialists,trial-000,finished,optuna-trial,2026-10-03T11:43:41Z,5.38,"{""alpha"": 0.9364594334728974, ""base_channels"": 48, ""batch_size"": 32, ""epochs"": 5, ""latent_channels"": 128, ""lr"": 0.0003574712922600243}","{""blur/lr"": 0, ""blur/train/l1"": 0.06226215296951325, ""blur/train/loss"": 0.0854530624397423, ""blur/train/ssim"": 0.5727597993353138, ""blur/val/input_psnr"": 28.74557876586914, ""blur/val/input_ssim"": 0.8459968566894531, ""blur/val/l1"": 0.058073800057172775, ""blur/val/objective"": 0.13129810988903046, ""blur/val/psnr"": 21.799654006958008, ""blur/val/ssim"": 0.5758046507835388, ""epoch"": 5, ""occlusion/lr"": 0, ""occlusion/train/l1"": 0.07814126648008823, ""occlusion/train/loss"": 0.10531948417749094, ""occlusion/train/ssim"": 0.49412850452506024, ""occlusion/val/input_psnr"": 13.25221824645996, ""occlusion/val/input_ssim"": 0.7005817294120789, ""occlusion/val/l1"": 0.0738479495048523, ""occlusion/val/objective"": 0.15895227193832395, ""occlusion/val/psnr"": 19.39388084411621, ""occlusion/val/ssim"": 0.5006304383277893, ""salt_pepper/lr"": 0, ""salt_pepper/train/l1"": 0.06364407981543438, ""salt_pepper/train/loss"": 0.08746626552032388, ""salt_pepper/train/ssim"": 0.5614428607665974, ""salt_pepper/val/input_psnr"": 16.254602432250977, ""salt_pepper/val/input_ssim"": 0.3616581857204437, ""salt_pepper/val/l1"": 0.05936170741915703, ""salt_pepper/val/objective"": 0.1344002217054367, ""salt_pepper/val/psnr"": 21.62363052368164, ""salt_pepper/val/ssim"": 0.5654457211494446}",https://wandb.ai/aleenababar04-fast-nuces/genai-a1/runs/slyi81am
task2-specialists,trial-001,finished,optuna-trial,2026-10-03T11:49:05Z,3.07,"{""alpha"": 0.6648628294821612, ""base_channels"": 32, ""batch_size"": 32, ""epochs"": 5, ""latent_channels"": 32, ""lr"": 0.0016967533607196547}","{""blur/lr"": 0, ""blur/train/l1"": 0.07345838464148667, ""blur/train/loss"": 0.17801523143830503, ""blur/train/ssim"": 0.6145593511021655, ""blur/val/input_psnr"": 28.74557876586914, ""blur/val/input_ssim"": 0.8459968566894531, ""blur/val/l1"": 0.06869903951883316, ""blur/val/objective"": 0.13073136210441588, ""blur/val/psnr"": 20.82491874694824, ""blur/val/ssim"": 0.6211393475532532, ""epoch"": 5, ""occlusion/lr"": 0, ""occlusion/train/l1"": 0.08834725124356539, ""occlusion/train/loss"": 0.2190826287412125, ""occlusion/train/ssim"": 0.5215575967146002, ""occlusion/val/input_psnr"": 13.25221824645996, ""occlusion/val/input_ssim"": 0.7005817294120789, ""occlusion/val/l1"": 0.08482827991247177, ""occlusion/val/objective"": 0.16206627488136288, ""occlusion/val/psnr"": 18.60529327392578, ""occlusion/val/ssim"": 0.5289817452430725, ""salt_pepper/lr"": 0, ""salt_pepper/train/l1"": 0.07350684661904107, ""salt_pepper/train/loss"": 0.17854944503177766, ""salt_pepper/train/ssim"": 0.6130614805480709, ""salt_pepper/val/input_psnr"": 16.254602432250977, ""salt_pepper/val/input_ssim"": 0.3616581857204437, ""salt_pepper/val/l1"": 0.06873368471860886, ""salt_pepper/val/objective"": 0.13158686757087706, ""salt_pepper/val/psnr"": 20.869176864624023, ""salt_pepper/val/ssim"": 0.61700040102005}",https://wandb.ai/aleenababar04-fast-nuces/genai-a1/runs/691owf3l
task2-specialists,trial-002,finished,optuna-trial,2026-10-03T11:52:11Z,7.28,"{""alpha"": 0.8637788066524075, ""base_channels"": 64, ""batch_size"": 32, ""epochs"": 5, ""latent_channels"": 64, ""lr"": 0.000471705203762518}","{""blur/lr"": 0, ""blur/train/l1"": 0.06509519453443911, ""blur/train/loss"": 0.10993685071235118, ""blur/train/ssim"": 0.6057221669217815, ""blur/val/input_psnr"": 28.74557876586914, ""blur/val/input_ssim"": 0.8459968566894531, ""blur/val/l1"": 0.05935953930020332, ""blur/val/objective"": 0.12619012892246245, ""blur/val/psnr"": 21.853052139282227, ""blur/val/ssim"": 0.606487512588501, ""epoch"": 5, ""occlusion/lr"": 0, ""occlusion/train/l1"": 0.08668574868984845, ""occlusion/train/loss"": 0.14109472039601076, ""occlusion/train/ssim"": 0.5138979298265084, ""occlusion/val/input_psnr"": 13.25221824645996, ""occlusion/val/input_ssim"": 0.7005817294120789, ""occlusion/val/l1"": 0.08247484266757965, ""occlusion/val/objective"": 0.1616141080856323, ""occlusion/val/psnr"": 18.846105575561523, ""occlusion/val/ssim"": 0.521828830242157, ""salt_pepper/lr"": 0, ""salt_pepper/train/l1"": 0.07051838889880024, ""salt_pepper/train/loss"": 0.11400704150614532, ""salt_pepper/train/ssim"": 0.6102313729731933, ""salt_pepper/val/input_psnr"": 16.254602432250977, ""salt_pepper/val/input_ssim"": 0.3616581857204437, ""salt_pepper/val/l1"": 0.06558431684970856, ""salt_pepper/val/objective"": 0.13072664737701414, ""salt_pepper/val/psnr"": 21.174150466918945, ""salt_pepper/val/ssim"": 0.6087040305137634}",https://wandb.ai/aleenababar04-fast-nuces/genai-a1/runs/bmxkybwk
task2-specialists,trial-003,finished,optuna-trial,2026-10-03T11:59:29Z,3.0,"{""alpha"": 0.7340306095300149, ""base_channels"": 48, ""batch_size"": 64, ""epochs"": 5, ""latent_channels"": 128, ""lr"": 0.00028180680291847244}","{""blur/lr"": 0.0001844449470753759, ""blur/train/l1"": 0.07999111971129542, ""blur/train/loss"": 0.19284123927354813, ""blur/train/ssim"": 0.49571148468100507, ""blur/val/input_psnr"": 28.74557876586914, ""blur/val/input_ssim"": 0.8459968566894531, ""blur/val/l1"": 0.08117511868476868, ""blur/val/objective"": 0.1619121670722961, ""blur/val/psnr"": 19.132474899291992, ""blur/val/ssim"": 0.515139639377594, ""epoch"": 2, ""occlusion/lr"": 0.0001844449470753759, ""occlusion/train/l1"": 0.101395093228506, ""occlusion/train/loss"": 0.22744498823000037, ""occlusion/train/ssim"": 0.4246785815643227, ""occlusion/val/input_psnr"": 13.25221824645996, ""occlusion/val/input_ssim"": 0.7005817294120789, ""occlusion/val/l1"": 0.0978533700108528, ""occlusion/val/objective"": 0.19021346569061276, ""occlusion/val/psnr"": 17.667428970336914, ""occlusion/val/ssim"": 0.4403461515903473, ""salt_pepper/lr"": 0.0001844449470753759, ""salt_pepper/train/l1"": 0.08924276802850806, ""salt_pepper/train/loss"": 0.204700814317102, ""salt_pepper/train/ssim"": 0.4766544745020244, ""salt_pepper/val/input_psnr"": 16.254602432250977, ""salt_pepper/val/input_ssim"": 0.3616581857204437, ""salt_pepper/val/l1"": 0.08903256803750992, ""salt_pepper/val/objective"": 0.17202265262603758, ""salt_pepper/val/psnr"": 18.497411727905273, ""salt_pepper/val/ssim"": 0.4960170090198517}",https://wandb.ai/aleenababar04-fast-nuces/genai-a1/runs/4yx12zoi
task2-specialists,trial-004,finished,optuna-trial,2026-10-03T12:02:30Z,2.98,"{""alpha"": 0.646398648843469, ""base_channels"": 48, ""batch_size"": 64, ""epochs"": 5, ""latent_channels"": 16, ""lr"": 0.000642033033629786}","{""blur/lr"": 0.000420216075985746, ""blur/train/l1"": 0.08832171769893687, ""blur/train/loss"": 0.23772448074558508, ""blur/train/ssim"": 0.48916074698385986, ""blur/val/input_psnr"": 28.74557876586914, ""blur/val/input_ssim"": 0.8459968566894531, ""blur/val/l1"": 0.1030903086066246, ""blur/val/objective"": 0.1827045142650604, ""blur/val/psnr"": 17.559619903564453, ""blur/val/ssim"": 0.4988386631011963, ""epoch"": 2, ""occlusion/lr"": 0.000420216075985746, ""occlusion/train/l1"": 0.10280087525429932, ""occlusion/train/loss"": 0.2659812942147255, ""occlusion/train/ssim"": 0.43571778354437457, ""occlusion/val/input_psnr"": 13.25221824645996, ""occlusion/val/input_ssim"": 0.7005817294120789, ""occlusion/val/l1"": 0.1086982861161232, ""occlusion/val/objective"": 0.19691740870475768, ""occlusion/val/psnr"": 16.961729049682617, ""occlusion/val/ssim"": 0.45020610094070435, ""salt_pepper/lr"": 0.000420216075985746, ""salt_pepper/train/l1"": 0.08845527486308762, ""salt_pepper/train/loss"": 0.2381057651794475, ""salt_pepper/train/ssim"": 0.4883266033037849, ""salt_pepper/val/input_psnr"": 16.254602432250977, ""salt_pepper/val/input_ssim"": 0.3616581857204437, ""salt_pepper/val/l1"": 0.08341451734304428, ""salt_pepper/val/objective"": 0.16281604170799252, ""salt_pepper/val/psnr"": 19.235218048095703, ""salt_pepper/val/ssim"": 0.5195778608322144}",https://wandb.ai/aleenababar04-fast-nuces/genai-a1/runs/jmjsf5xu
task2-specialists,trial-005,finished,optuna-trial,2026-10-03T12:05:30Z,3.0,"{""alpha"": 0.5894220566903776, ""base_channels"": 48, ""batch_size"": 64, ""epochs"": 5, ""latent_channels"": 128, ""lr"": 0.00037507963596256056}","{""blur/lr"": 0.00024549280885948025, ""blur/train/l1"": 0.0860893271215584, ""blur/train/loss"": 0.2528791003253149, ""blur/train/ssim"": 0.5076789830041968, ""blur/val/input_psnr"": 28.74557876586914, ""blur/val/input_ssim"": 0.8459968566894531, ""blur/val/l1"": 0.091110460460186, ""blur/val/objective"": 0.17044896483421323, ""blur/val/psnr"": 18.23495864868164, ""blur/val/ssim"": 0.5121970176696777, ""epoch"": 2, ""occlusion/lr"": 0.00024549280885948025, ""occlusion/train/l1"": 0.10434642093984978, ""occlusion/train/loss"": 0.29472412363342615, ""occlusion/train/ssim"": 0.43197133683640027, ""occlusion/val/input_psnr"": 13.25221824645996, ""occlusion/val/input_ssim"": 0.7005817294120789, ""occlusion/val/l1"": 0.10278664529323578, ""occlusion/val/objective"": 0.19195929169654843, ""occlusion/val/psnr"": 17.459033966064453, ""occlusion/val/ssim"": 0.4513501226902008, ""salt_pepper/lr"": 0.00024549280885948025, ""salt_pepper/train/l1"": 0.08979677198373753, ""salt_pepper/train/loss"": 0.2659668187084405, ""salt_pepper/train/ssim"": 0.48112502370191657, ""salt_pepper/val/input_psnr"": 16.254602432250977, ""salt_pepper/val/input_ssim"": 0.3616581857204437, ""salt_pepper/val/l1"": 0.09083706140518188, ""salt_pepper/val/objective"": 0.1718932271003723, ""salt_pepper/val/psnr"": 18.40376663208008, ""salt_pepper/val/ssim"": 0.503882110118866}",https://wandb.ai/aleenababar04-fast-nuces/genai-a1/runs/ogz129un
task2-specialists,trial-006,finished,optuna-trial,2026-10-03T12:08:32Z,1.23,"{""alpha"": 0.5286012576287107, ""base_channels"": 32, ""batch_size"": 32, ""epochs"": 5, ""latent_channels"": 16, ""lr"": 0.0001018959297939515}","{""blur/lr"": 6.669175187895951e-05, ""blur/train/l1"": 0.09485687023919562, ""blur/train/loss"": 0.3068615865448247, ""blur/train/ssim"": 0.4554076849118523, ""blur/val/input_psnr"": 28.74557876586914, ""blur/val/input_ssim"": 0.8459968566894531, ""blur/val/l1"": 0.08762118965387344, ""blur/val/objective"": 0.17349811792373654, ""blur/val/psnr"": 18.64891815185547, ""blur/val/ssim"": 0.4829941689968109, ""epoch"": 2, ""occlusion/lr"": 6.669175187895951e-05, ""occlusion/train/l1"": 0.11234409127222456, ""occlusion/train/loss"": 0.33994336005138315, ""occlusion/train/ssim"": 0.40483901358169055, ""occlusion/val/input_psnr"": 13.25221824645996, ""occlusion/val/input_ssim"": 0.7005817294120789, ""occlusion/val/l1"": 0.106080524623394, ""occlusion/val/objective"": 0.1998691439628601, ""occlusion/val/psnr"": 16.91437530517578, ""occlusion/val/ssim"": 0.4249763786792755, ""salt_pepper/lr"": 6.669175187895951e-05, ""salt_pepper/train/l1"": 0.10377083662087502, ""salt_pepper/train/loss"": 0.32064781273188797, ""salt_pepper/train/ssim"": 0.4361579638460408, ""salt_pepper/val/input_psnr"": 16.254602432250977, ""salt_pepper/val/input_ssim"": 0.3616581857204437, ""salt_pepper/val/l1"": 0.09240765124559402, ""salt_pepper/val/objective"": 0.18166528940200805, ""salt_pepper/val/psnr"": 18.25997734069824, ""salt_pepper/val/ssim"": 0.4613041579723358}",https://wandb.ai/aleenababar04-fast-nuces/genai-a1/runs/uu71hn5y
task2-specialists,trial-007,finished,optuna-trial,2026-10-03T12:09:48Z,2.9,"{""alpha"": 0.7222080183639759, ""base_channels"": 64, ""batch_size"": 64, ""epochs"": 5, ""latent_channels"": 16, ""lr"": 0.0002879775265707035}","{""blur/lr"": 0.00018848373813955697, ""blur/train/l1"": 0.08440996285365976, ""blur/train/loss"": 0.2042791121031927, ""blur/train/ssim"": 0.4840831529834996, ""blur/val/input_psnr"": 28.74557876586914, ""blur/val/input_ssim"": 0.8459968566894531, ""blur/val/l1"": 0.09133081883192062, ""blur/val/objective"": 0.17485245466232296, ""blur/val/psnr"": 18.68256950378418, ""blur/val/ssim"": 0.4910610020160675, ""epoch"": 2, ""occlusion/lr"": 0.00018848373813955697, ""occlusion/train/l1"": 0.10253997649187628, ""occlusion/train/loss"": 0.23179006544144257, ""occlusion/train/ssim"": 0.4321834736544153, ""occlusion/val/input_psnr"": 13.25221824645996, ""occlusion/val/input_ssim"": 0.7005817294120789, ""occlusion/val/l1"": 0.10114375501871108, ""occlusion/val/objective"": 0.1915128648281097, ""occlusion/val/psnr"": 17.4761905670166, ""occlusion/val/ssim"": 0.44701069593429565, ""salt_pepper/lr"": 0.00018848373813955697, ""salt_pepper/train/l1"": 0.08792167901992798, ""salt_pepper/train/loss"": 0.2065402279081552, ""salt_pepper/train/ssim"": 0.4850733694822892, ""salt_pepper/val/input_psnr"": 16.254602432250977, ""salt_pepper/val/input_ssim"": 0.3616581857204437, ""salt_pepper/val/l1"": 0.08943319320678711, ""salt_pepper/val/objective"": 0.17107340097427365, ""salt_pepper/val/psnr"": 18.5800838470459, ""salt_pepper/val/ssim"": 0.50236576795578}",https://wandb.ai/aleenababar04-fast-nuces/genai-a1/runs/uqr267cj
task2-specialists,trial-008,finished,optuna-trial,2026-10-03T12:12:44Z,1.23,"{""alpha"": 0.8399980123443719, ""base_channels"": 32, ""batch_size"": 32, ""epochs"": 5, ""latent_channels"": 32, ""lr"": 0.0005917520523090669}","{""blur/lr"": 0.0003873067464644107, ""blur/train/l1"": 0.08336575556060542, ""blur/train/loss"": 0.14674111358497455, ""blur/train/ssim"": 0.5205431885045507, ""blur/val/input_psnr"": 28.74557876586914, ""blur/val/input_ssim"": 0.8459968566894531, ""blur/val/l1"": 0.08418436348438263, ""blur/val/objective"": 0.16560256481170654, ""blur/val/psnr"": 19.10508155822754, ""blur/val/ssim"": 0.5087246298789978, ""epoch"": 2, ""occlusion/lr"": 0.0003873067464644107, ""occlusion/train/l1"": 0.09967794949593752, ""occlusion/train/loss"": 0.1720457650397135, ""occlusion/train/ssim"": 0.4480288252234459, ""occlusion/val/input_psnr"": 13.25221824645996, ""occlusion/val/input_ssim"": 0.7005817294120789, ""occlusion/val/l1"": 0.10303142666816711, ""occlusion/val/objective"": 0.1928510427474975, ""occlusion/val/psnr"": 17.04686737060547, ""occlusion/val/ssim"": 0.44787049293518066, ""salt_pepper/lr"": 0.0003873067464644107, ""salt_pepper/train/l1"": 0.08440935660315596, ""salt_pepper/train/loss"": 0.14928199998710467, ""salt_pepper/train/ssim"": 0.5101416648729987, ""salt_pepper/val/input_psnr"": 16.254602432250977, ""salt_pepper/val/input_ssim"": 0.3616581857204437, ""salt_pepper/val/l1"": 0.08313103020191193, ""salt_pepper/val/objective"": 0.16267626285552975, ""salt_pepper/val/psnr"": 19.095788955688477, ""salt_pepper/val/ssim"": 0.5191428065299988}",https://wandb.ai/aleenababar04-fast-nuces/genai-a1/runs/73zx8109
task2-specialists,trial-009,finished,optuna-trial,2026-10-03T12:14:00Z,2.9,"{""alpha"": 0.7427040088620428, ""base_channels"": 64, ""batch_size"": 64, ""epochs"": 5, ""latent_channels"": 16, ""lr"": 0.00021775224101934097}","{""blur/lr"": 0.00014252069202877344, ""blur/train/l1"": 0.08402907880751984, ""blur/train/loss"": 0.19632942618235297, ""blur/train/ssim"": 0.47950728496779566, ""blur/val/input_psnr"": 28.74557876586914, ""blur/val/input_ssim"": 0.8459968566894531, ""blur/val/l1"": 0.083389513194561, ""blur/val/objective"": 0.16791557669639584, ""blur/val/psnr"": 19.022035598754883, ""blur/val/ssim"": 0.49398016929626465, ""epoch"": 2, ""occlusion/lr"": 0.00014252069202877344, ""occlusion/train/l1"": 0.10386444466269534, ""occlusion/train/loss"": 0.22440531914648804, ""occlusion/train/ssim"": 0.4276445009138274, ""occlusion/val/input_psnr"": 13.25221824645996, ""occlusion/val/input_ssim"": 0.7005817294120789, ""occlusion/val/l1"": 0.10472056269645692, ""occlusion/val/objective"": 0.19621374011039733, ""occlusion/val/psnr"": 17.18052864074707, ""occlusion/val/ssim"": 0.43781355023384094, ""salt_pepper/lr"": 0.00014252069202877344, ""salt_pepper/train/l1"": 0.08900729793569316, ""salt_pepper/train/loss"": 0.20082027821437173, ""salt_pepper/train/ssim"": 0.47642325383165607, ""salt_pepper/val/input_psnr"": 16.254602432250977, ""salt_pepper/val/input_ssim"": 0.3616581857204437, ""salt_pepper/val/l1"": 0.09026125073432922, ""salt_pepper/val/objective"": 0.17361552715301512, ""salt_pepper/val/psnr"": 18.421390533447266, ""salt_pepper/val/ssim"": 0.4929673671722412}",https://wandb.ai/aleenababar04-fast-nuces/genai-a1/runs/gev1ujty
task2-specialists,final-task2_specialist_salt_pepper,finished,final;salt_pepper,2026-10-03T12:17:00Z,19.72,"{""alpha"": 0.8637788066524075, ""base_channels"": 64, ""batch_size"": 32, ""epochs"": 40, ""latent_channels"": 64, ""lr"": 0.000471705203762518, ""specialist"": ""salt_pepper""}","{""best/epoch"": 39, ""best/input_psnr"": 16.254602432250977, ""best/input_ssim"": 0.3616581857204437, ""best/l1"": 0.03926211968064308, ""best/objective"": 0.08249280750751495, ""best/psnr"": 25.10429573059082, ""best/ssim"": 0.7445844411849976, ""epoch"": 40, ""lr"": 0, ""train/l1"": 0.04006585369453482, ""train/loss"": 0.06755873155982597, ""train/ssim"": 0.7581089061239491, ""val/input_psnr"": 16.254602432250977, ""val/input_ssim"": 0.3616581857204437, ""val/l1"": 0.03947839513421059, ""val/objective"": 0.0828206807374954, ""val/psnr"": 25.07247734069824, ""val/ssim"": 0.7438101768493652}",https://wandb.ai/aleenababar04-fast-nuces/genai-a1/runs/bmivn5mm
task2-specialists,final-task2_specialist_blur,finished,blur;final,2026-10-03T12:36:46Z,19.7,"{""alpha"": 0.8637788066524075, ""base_channels"": 64, ""batch_size"": 32, ""epochs"": 40, ""latent_channels"": 64, ""lr"": 0.000471705203762518, ""specialist"": ""blur""}","{""best/epoch"": 39, ""best/input_psnr"": 28.74557876586914, ""best/input_ssim"": 0.8459968566894531, ""best/l1"": 0.039109840989112854, ""best/objective"": 0.08410655260086058, ""best/psnr"": 25.0323486328125, ""best/ssim"": 0.7359066009521484, ""epoch"": 40, ""lr"": 0, ""train/l1"": 0.039923793595770134, ""train/loss"": 0.06817028764635324, ""train/ssim"": 0.7527186669733213, ""val/input_psnr"": 28.74557876586914, ""val/input_ssim"": 0.8459968566894531, ""val/l1"": 0.039310574531555176, ""val/objective"": 0.08448288440704343, ""val/psnr"": 25.006925582885746, ""val/ssim"": 0.7348278760910034}",https://wandb.ai/aleenababar04-fast-nuces/genai-a1/runs/swyrqc4l
task2-specialists,final-task2_specialist_occlusion,finished,final;occlusion,2026-10-03T12:56:31Z,19.3,"{""alpha"": 0.8637788066524075, ""base_channels"": 64, ""batch_size"": 32, ""epochs"": 40, ""latent_channels"": 64, ""lr"": 0.000471705203762518, ""specialist"": ""occlusion""}","{""best/epoch"": 39, ""best/input_psnr"": 13.25221824645996, ""best/input_ssim"": 0.7005817294120789, ""best/l1"": 0.055597055703401566, ""best/objective"": 0.11387511789798736, ""best/psnr"": 21.367223739624023, ""best/ssim"": 0.6530126333236694, ""epoch"": 40, ""lr"": 0, ""train/l1"": 0.05780190658634123, ""train/loss"": 0.09702280876429184, ""train/ssim"": 0.654277415379234, ""val/input_psnr"": 13.25221824645996, ""val/input_ssim"": 0.7005817294120789, ""val/l1"": 0.05575811490416527, ""val/objective"": 0.11410368382930754, ""val/psnr"": 21.364595413208008, ""val/ssim"": 0.6525140404701233}",https://wandb.ai/aleenababar04-fast-nuces/genai-a1/runs/9d5fsfa1
task3-moe,trial-000,finished,optuna-trial,2026-10-03T14:54:29Z,6.15,"{""balance_weight"": 0.01, ""ce_weight"": 0.1, ""finetune_epochs"": 4, ""l1_weight"": 0.8, ""lr"": 0.0001, ""tau"": 1, ""warmup_epochs"": 1}","{""epoch"": 5, ""lr"": 0, ""stage"": 1, ""train/balance"": 0.0002749122670383278, ""train/ce"": 0.01722632621986913, ""train/l1"": 0.0347136223445768, ""train/loss"": 0.07057353096973637, ""train/ssim"": 0.7946137494367101, ""val/gate_accuracy"": 0.9942255434782608, ""val/input_psnr"": 39.5630989074707, ""val/input_ssim"": 0.7270592451095581, ""val/l1"": 0.03415774181485176, ""val/mean_weight_blur"": 0.2502919137477875, ""val/mean_weight_identity"": 0.2508101165294647, ""val/mean_weight_occlusion"": 0.2488822042942047, ""val/mean_weight_salt_pepper"": 0.2500157654285431, ""val/min_branch_weight"": 0.2488820254802704, ""val/objective"": 0.07046040594577789, ""val/psnr"": 37.626258850097656, ""val/ssim"": 0.7843289375305176}",https://wandb.ai/aleenababar04-fast-nuces/genai-a1/runs/gbesjdvz
task3-moe,trial-001,finished,optuna-trial,2026-10-03T15:00:43Z,6.18,"{""balance_weight"": 0.015751320499779727, ""ce_weight"": 0.29106359131330695, ""finetune_epochs"": 4, ""l1_weight"": 0.5702083881990965, ""lr"": 3.574712922600245e-05, ""tau"": 2.87678576602479, ""warmup_epochs"": 1}","{""epoch"": 5, ""lr"": 0, ""stage"": 1, ""train/balance"": 0.0002711148472717864, ""train/ce"": 0.038697759934660535, ""train/l1"": 0.035132896398072655, ""train/loss"": 0.11794277742181136, ""train/ssim"": 0.7984094457781833, ""val/gate_accuracy"": 0.9918478260869564, ""val/input_psnr"": 39.5630989074707, ""val/input_ssim"": 0.7270592451095581, ""val/l1"": 0.034627966582775116, ""val/mean_weight_blur"": 0.2493554800748825, ""val/mean_weight_identity"": 0.2519861161708832, ""val/mean_weight_occlusion"": 0.24785290658473969, ""val/mean_weight_salt_pepper"": 0.250805526971817, ""val/min_branch_weight"": 0.2478529661893845, ""val/objective"": 0.07003704905509948, ""val/psnr"": 31.927400588989254, ""val/ssim"": 0.788326621055603}",https://wandb.ai/aleenababar04-fast-nuces/genai-a1/runs/qwyhe5hb
task3-moe,trial-002,finished,optuna-trial,2026-10-03T15:06:55Z,6.2,"{""balance_weight"": 0.015930522616241012, ""ce_weight"": 0.5399484409787431, ""finetune_epochs"": 4, ""l1_weight"": 0.8186326600082204, ""lr"": 1.6998978382700755e-05, ""tau"": 0.6452090304204987, ""warmup_epochs"": 1}","{""epoch"": 5, ""lr"": 0, ""stage"": 1, ""train/balance"": 0.00016787823991895235, ""train/ce"": 0.014559047398506664, ""train/l1"": 0.034853077817546284, ""train/loss"": 0.07409305635677732, ""train/ssim"": 0.7921490202779355, ""val/gate_accuracy"": 0.993546195652174, ""val/input_psnr"": 39.5630989074707, ""val/input_ssim"": 0.7270592451095581, ""val/l1"": 0.034361112862825394, ""val/mean_weight_blur"": 0.2529055178165436, ""val/mean_weight_identity"": 0.24739810824394223, ""val/mean_weight_occlusion"": 0.24966679513454437, ""val/mean_weight_salt_pepper"": 0.250029593706131, ""val/min_branch_weight"": 0.2473975419998169, ""val/objective"": 0.07105100452899932, ""val/psnr"": 38.04962539672851, ""val/ssim"": 0.7821894288063049}",https://wandb.ai/aleenababar04-fast-nuces/genai-a1/runs/ue0lfnox
task3-moe,trial-003,finished,optuna-trial,2026-10-03T15:13:09Z,6.2,"{""balance_weight"": 0.00265875439832727, ""ce_weight"": 0.46225890010208287, ""finetune_epochs"": 4, ""l1_weight"": 0.5818212352431953, ""lr"": 1.072520974317199e-05, ""tau"": 2.9247746304049858, ""warmup_epochs"": 1}","{""epoch"": 5, ""lr"": 0, ""stage"": 1, ""train/balance"": 0.0002622184771770781, ""train/ce"": 0.04755773725312041, ""train/l1"": 0.03534402680056899, ""train/loss"": 0.12767505888705669, ""train/ssim"": 0.7964352233254391, ""val/gate_accuracy"": 0.9904891304347826, ""val/input_psnr"": 39.5630989074707, ""val/input_ssim"": 0.7270592451095581, ""val/l1"": 0.03489997610449791, ""val/mean_weight_blur"": 0.2500685453414917, ""val/mean_weight_identity"": 0.24957303702831268, ""val/mean_weight_occlusion"": 0.24900291860103607, ""val/mean_weight_salt_pepper"": 0.25135552883148193, ""val/min_branch_weight"": 0.24900326132774353, ""val/objective"": 0.07061046063899992, ""val/psnr"": 31.19161033630371, ""val/ssim"": 0.7865476012229919}",https://wandb.ai/aleenababar04-fast-nuces/genai-a1/runs/5b8jhmt3
task3-moe,trial-004,finished,optuna-trial,2026-10-03T15:19:22Z,6.2,"{""balance_weight"": 0.007309539835912915, ""ce_weight"": 0.11207606211860566, ""finetune_epochs"": 4, ""l1_weight"": 0.6310531130891188, ""lr"": 1.865995962490492e-05, ""tau"": 1.2606056073988443, ""warmup_epochs"": 1}","{""epoch"": 5, ""lr"": 0, ""stage"": 1, ""train/balance"": 0.0004290296893170465, ""train/ce"": 0.026984241699961865, ""train/l1"": 0.03492344602051636, ""train/loss"": 0.10020846039380717, ""train/ssim"": 0.796332501846811, ""val/gate_accuracy"": 0.9918478260869564, ""val/input_psnr"": 39.5630989074707, ""val/input_ssim"": 0.7270592451095581, ""val/l1"": 0.034467436373233795, ""val/mean_weight_blur"": 0.2471507042646408, ""val/mean_weight_identity"": 0.2561258375644684, ""val/mean_weight_occlusion"": 0.24674586951732635, ""val/mean_weight_salt_pepper"": 0.24997754395008087, ""val/min_branch_weight"": 0.24674595892429352, ""val/objective"": 0.07029007077217102, ""val/psnr"": 35.59527587890625, ""val/ssim"": 0.7864193916320801}",https://wandb.ai/aleenababar04-fast-nuces/genai-a1/runs/x1dwwm7q
task3-moe,trial-005,finished,optuna-trial,2026-10-03T15:25:37Z,6.2,"{""balance_weight"": 0.005404103854647328, ""ce_weight"": 0.03839629299804171, ""finetune_epochs"": 4, ""l1_weight"": 0.7052314928976662, ""lr"": 8.01273750399854e-05, ""tau"": 0.8487346516301046, ""warmup_epochs"": 1}","{""epoch"": 5, ""lr"": 0, ""stage"": 1, ""train/balance"": 0.01060161859293104, ""train/ce"": 0.12933792781246745, ""train/l1"": 0.03314699416818178, ""train/loss"": 0.08352180586560913, ""train/ssim"": 0.8129986414442891, ""val/gate_accuracy"": 0.9561820652173914, ""val/input_psnr"": 39.5630989074707, ""val/input_ssim"": 0.7270592451095581, ""val/l1"": 0.032543111592531204, ""val/mean_weight_blur"": 0.20057520270347595, ""val/mean_weight_identity"": 0.3248230516910553, ""val/mean_weight_occlusion"": 0.22454379498958588, ""val/mean_weight_salt_pepper"": 0.2500579357147217, ""val/min_branch_weight"": 0.2005746215581894, ""val/objective"": 0.06514406502246856, ""val/psnr"": 34.631717681884766, ""val/ssim"": 0.804452121257782}",https://wandb.ai/aleenababar04-fast-nuces/genai-a1/runs/5odxwc7s
task3-moe,trial-006,finished,optuna-trial,2026-10-03T15:31:51Z,6.2,"{""balance_weight"": 0.015304852121831466, ""ce_weight"": 0.10677482709481352, ""finetune_epochs"": 4, ""l1_weight"": 0.520902685723999, ""lr"": 0.00014447746112718684, ""tau"": 0.9991844553958992, ""warmup_epochs"": 1}","{""epoch"": 5, ""lr"": 0, ""stage"": 1, ""train/balance"": 0.000570813356642026, ""train/ce"": 0.03032317800376483, ""train/l1"": 0.035536356614497694, ""train/loss"": 0.11827517381828764, ""train/ssim"": 0.7985425915407098, ""val/gate_accuracy"": 0.9925271739130436, ""val/input_psnr"": 39.5630989074707, ""val/input_ssim"": 0.7270592451095581, ""val/l1"": 0.034755218774080276, ""val/mean_weight_blur"": 0.24834565818309784, ""val/mean_weight_identity"": 0.25590747594833374, ""val/mean_weight_occlusion"": 0.24577029049396515, ""val/mean_weight_salt_pepper"": 0.2499765902757645, ""val/min_branch_weight"": 0.24576987326145172, ""val/objective"": 0.07002572119235992, ""val/psnr"": 37.583282470703125, ""val/ssim"": 0.7888922691345215}",https://wandb.ai/aleenababar04-fast-nuces/genai-a1/runs/uikvjxlb
task3-moe,trial-007,finished,optuna-trial,2026-10-03T15:38:05Z,6.18,"{""balance_weight"": 0.07902619549708234, ""ce_weight"": 0.013492834268013254, ""finetune_epochs"": 4, ""l1_weight"": 0.9345344148835516, ""lr"": 7.896186801026683e-05, ""tau"": 0.9263103092182288, ""warmup_epochs"": 1}","{""epoch"": 5, ""lr"": 0, ""stage"": 1, ""train/balance"": 0.00511400594753112, ""train/ce"": 0.09808132244759928, ""train/l1"": 0.03295814948480414, ""train/loss"": 0.04542782412760932, ""train/ssim"": 0.8029535147158996, ""val/gate_accuracy"": 0.9697690217391304, ""val/input_psnr"": 39.5630989074707, ""val/input_ssim"": 0.7270592451095581, ""val/l1"": 0.03237413242459297, ""val/mean_weight_blur"": 0.2198718935251236, ""val/mean_weight_identity"": 0.29998332262039185, ""val/mean_weight_occlusion"": 0.23928944766521457, ""val/mean_weight_salt_pepper"": 0.2408553808927536, ""val/min_branch_weight"": 0.21987152099609375, ""val/objective"": 0.06688894331455231, ""val/psnr"": 37.563507080078125, ""val/ssim"": 0.7950518131256104}",https://wandb.ai/aleenababar04-fast-nuces/genai-a1/runs/kvcwchok
task3-moe,final-task3_moe,finished,final,2026-10-03T15:44:26Z,22.13,"{""balance_weight"": 0.005404103854647328, ""ce_weight"": 0.03839629299804171, ""finetune_epochs"": 15, ""l1_weight"": 0.7052314928976662, ""lr"": 8.01273750399854e-05, ""tau"": 0.8487346516301046, ""warmup_epochs"": 2}","{""best/epoch"": 13, ""best/gate_accuracy"": 0.9405570652173914, ""best/input_psnr"": 39.5630989074707, ""best/input_ssim"": 0.7270592451095581, ""best/l1"": 0.03203387185931206, ""best/mean_weight_blur"": 0.19829247891902924, ""best/mean_weight_identity"": 0.34199872612953186, ""best/mean_weight_occlusion"": 0.21182748675346377, ""best/mean_weight_salt_pepper"": 0.2478813529014587, ""best/min_branch_weight"": 0.19829213619232175, ""best/objective"": 0.06334343850612639, ""best/psnr"": 33.73555374145508, ""best/ssim"": 0.8114182949066162, ""epoch"": 17, ""lr"": 0, ""stage"": 1, ""train/balance"": 0.011627190938705336, ""train/ce"": 0.13558963609292454, ""train/l1"": 0.03228562515552925, ""train/loss"": 0.08160501564650433, ""train/ssim"": 0.8182736615771833, ""val/gate_accuracy"": 0.946671195652174, ""val/input_psnr"": 39.5630989074707, ""val/input_ssim"": 0.7270592451095581, ""val/l1"": 0.03183938190340996, ""val/mean_weight_blur"": 0.2021401822566986, ""val/mean_weight_identity"": 0.33424973487854004, ""val/mean_weight_occlusion"": 0.21625444293022156, ""val/mean_weight_salt_pepper"": 0.2473556250333786, ""val/min_branch_weight"": 0.20213983952999115, ""val/objective"": 0.06334809958934783, ""val/psnr"": 33.7778434753418, ""val/ssim"": 0.8106170296669006}",https://wandb.ai/aleenababar04-fast-nuces/genai-a1/runs/oi269m4q
task3-moe,eval-task3_moe,finished,eval,2026-10-03T16:10:45Z,0.02,"{""balance_weight"": 0.005404103854647328, ""ce_weight"": 0.03839629299804171, ""l1_weight"": 0.7052314928976662, ""lr"": 8.01273750399854e-05, ""tau"": 0.8487346516301046, ""test_items"": 36690}","{""test/corrupted_l1"": 0.04308639466762543, ""test/corrupted_psnr"": 23.707500457763672, ""test/corrupted_ssim"": 0.7503098845481873, ""test/dominating_branches"": ""none"", ""test/inactive_branches"": ""none"", ""test/l1"": 0.03885267674922943, ""test/psnr"": 27.580066680908203, ""test/ssim"": 0.7752228379249573}",https://wandb.ai/aleenababar04-fast-nuces/genai-a1/runs/6f14xuq1
task4-cgan,trial-000,finished,optuna-trial,2026-10-03T12:26:39Z,4.87,"{""base_channels"": 64, ""batch_size"": 4, ""dropout"": 0.5, ""epochs"": 15, ""l1_weight"": 100, ""lr_d"": 0.0002, ""lr_g"": 0.0002, ""style_dim"": 16}","{""epoch"": 15, ""train/d_fake"": 0.34587367579972905, ""train/d_real"": 0.3748088559493356, ""train/g_adv"": 2.1563225078529547, ""train/g_l1"": 0.22184108626762672, ""val/l1"": 0.10769713670015336, ""val/objective"": 0.3293539173901081, ""val/psnr"": 15.411611557006836, ""val/ssim"": 0.44898930191993713, ""val/ssim_style1"": 0.44942647218704224, ""val/ssim_style2"": 0.3699188530445099, ""val/ssim_style3"": 0.5261223912239075}",https://wandb.ai/aleenababar04-fast-nuces/genai-a1/runs/dv3z7un9
task4-cgan,trial-001,finished,optuna-trial,2026-10-03T12:31:32Z,5.03,"{""base_channels"": 64, ""batch_size"": 4, ""dropout"": 0.3005575058716044, ""epochs"": 15, ""l1_weight"": 121.06896936002164, ""lr_d"": 0.0004463590152176814, ""lr_g"": 0.00011844319751820384, ""style_dim"": 32}","{""epoch"": 15, ""train/d_fake"": 0.29475739314511884, ""train/d_real"": 0.3122711123334219, ""train/g_adv"": 3.0287824834231287, ""train/g_l1"": 0.2217712347129626, ""val/l1"": 0.1073467582464218, ""val/objective"": 0.3287985101342201, ""val/psnr"": 15.386313438415527, ""val/ssim"": 0.4497497379779816, ""val/ssim_style1"": 0.45652902126312256, ""val/ssim_style2"": 0.3745023012161255, ""val/ssim_style3"": 0.5166701078414917}",https://wandb.ai/aleenababar04-fast-nuces/genai-a1/runs/rsookxrl
task4-cgan,trial-002,finished,optuna-trial,2026-10-03T12:36:36Z,4.1,"{""base_channels"": 64, ""batch_size"": 16, ""dropout"": 0.06974693032602092, ""epochs"": 15, ""l1_weight"": 105.0842133869176, ""lr_d"": 7.59967415065491e-05, ""lr_g"": 8.152843673110742e-05, ""style_dim"": 32}","{""epoch"": 15, ""train/d_fake"": 0.4598452275885002, ""train/d_real"": 0.4663869634802853, ""train/g_adv"": 1.4586382513599736, ""train/g_l1"": 0.22134289544607913, ""val/l1"": 0.117633618414402, ""val/objective"": 0.34498805180191994, ""val/psnr"": 14.766151428222656, ""val/ssim"": 0.42765751481056213, ""val/ssim_style1"": 0.4371674060821533, ""val/ssim_style2"": 0.3448749780654907, ""val/ssim_style3"": 0.4991888999938965}",https://wandb.ai/aleenababar04-fast-nuces/genai-a1/runs/4xknal7p
task4-cgan,trial-003,finished,optuna-trial,2026-10-03T12:40:44Z,1.52,"{""base_channels"": 64, ""batch_size"": 16, ""dropout"": 0.4828160165372797, ""epochs"": 15, ""l1_weight"": 77.66184280392886, ""lr_d"": 0.00016338208828908828, ""lr_g"": 7.918515779559379e-05, ""style_dim"": 8}","{""epoch"": 6, ""train/d_fake"": 0.3789137549964445, ""train/d_real"": 0.37900568573136945, ""train/g_adv"": 2.0217461021883145, ""train/g_l1"": 0.24401080927678517, ""val/l1"": 0.11612192541360856, ""val/objective"": 0.3588656522333622, ""val/psnr"": 15.054365158081056, ""val/ssim"": 0.39839062094688416, ""val/ssim_style1"": 0.4365755319595337, ""val/ssim_style2"": 0.3334117531776428, ""val/ssim_style3"": 0.423238068819046}",https://wandb.ai/aleenababar04-fast-nuces/genai-a1/runs/2xj65rd2
task4-cgan,trial-004,finished,optuna-trial,2026-10-03T12:42:17Z,1.37,"{""base_channels"": 48, ""batch_size"": 16, ""dropout"": 0.2600340105889054, ""epochs"": 15, ""l1_weight"": 101.96967939171478, ""lr_d"": 6.622290670049676e-05, ""lr_g"": 0.00013775979824755377, ""style_dim"": 32}","{""epoch"": 7, ""train/d_fake"": 0.3253251267597079, ""train/d_real"": 0.3428496987159763, ""train/g_adv"": 1.7057017354028563, ""train/g_l1"": 0.2296659935797964, ""val/l1"": 0.11207619309425354, ""val/objective"": 0.3437255024909973, ""val/psnr"": 15.181499481201172, ""val/ssim"": 0.4246251881122589, ""val/ssim_style1"": 0.4492621123790741, ""val/ssim_style2"": 0.3598581850528717, ""val/ssim_style3"": 0.4630683958530426}",https://wandb.ai/aleenababar04-fast-nuces/genai-a1/runs/snx90d59
task4-cgan,trial-005,finished,optuna-trial,2026-10-03T12:43:40Z,1.77,"{""base_channels"": 64, ""batch_size"": 8, ""dropout"": 0.194338644844741, ""epochs"": 15, ""l1_weight"": 23.200867504756825, ""lr_d"": 0.0003924617669079681, ""lr_g"": 0.000434979656425666, ""style_dim"": 16}","{""epoch"": 6, ""train/d_fake"": 0.5906084789229291, ""train/d_real"": 0.6035737081297806, ""train/g_adv"": 1.2770279052534277, ""train/g_l1"": 0.2475672968264137, ""val/l1"": 0.11735744774341585, ""val/objective"": 0.3585432544350624, ""val/psnr"": 14.909655570983888, ""val/ssim"": 0.400270938873291, ""val/ssim_style1"": 0.4025773406028747, ""val/ssim_style2"": 0.34040719270706177, ""val/ssim_style3"": 0.4566552937030792}",https://wandb.ai/aleenababar04-fast-nuces/genai-a1/runs/y893p2kz
task4-cgan,trial-006,finished,optuna-trial,2026-10-03T12:45:27Z,0.82,"{""base_channels"": 32, ""batch_size"": 16, ""dropout"": 0.4077307142274171, ""epochs"": 15, ""l1_weight"": 12.483440997339653, ""lr_d"": 6.916624987609979e-05, ""lr_g"": 0.00017444803725696098, ""style_dim"": 32}","{""epoch"": 6, ""train/d_fake"": 0.6300796616290297, ""train/d_real"": 0.6474201721804482, ""train/g_adv"": 0.8790565920727593, ""train/g_l1"": 0.2637492064386606, ""val/l1"": 0.12583796679973602, ""val/objective"": 0.387863390147686, ""val/psnr"": 14.552414894104004, ""val/ssim"": 0.350111186504364, ""val/ssim_style1"": 0.3741422891616822, ""val/ssim_style2"": 0.2724906802177429, ""val/ssim_style3"": 0.401782751083374}",https://wandb.ai/aleenababar04-fast-nuces/genai-a1/runs/vqlt9krf
task4-cgan,trial-007,finished,optuna-trial,2026-10-03T12:46:18Z,1.97,"{""base_channels"": 64, ""batch_size"": 4, ""dropout"": 0.364803089169032, ""epochs"": 15, ""l1_weight"": 14.308552498147842, ""lr_d"": 6.528885674498617e-05, ""lr_g"": 0.00011413943879952569, ""style_dim"": 16}","{""epoch"": 6, ""train/d_fake"": 0.6244449977363858, ""train/d_real"": 0.6361239905069981, ""train/g_adv"": 0.8863220520849738, ""train/g_l1"": 0.2499262107802289, ""val/l1"": 0.11808467656373978, ""val/objective"": 0.3530702032148838, ""val/psnr"": 14.953540802001951, ""val/ssim"": 0.41194427013397217, ""val/ssim_style1"": 0.41761165857315063, ""val/ssim_style2"": 0.34486836194992065, ""val/ssim_style3"": 0.4719802141189575}",https://wandb.ai/aleenababar04-fast-nuces/genai-a1/runs/mjv3xcjx
task4-cgan,final-task4_cgan,finished,final,2026-10-03T12:48:25Z,33.73,"{""base_channels"": 64, ""batch_size"": 4, ""dropout"": 0.3005575058716044, ""epochs"": 100, ""l1_weight"": 121.06896936002164, ""lr_d"": 0.0004463590152176814, ""lr_g"": 0.00011844319751820384, ""style_dim"": 32}","{""best/epoch"": 94, ""best/l1"": 0.10134878009557724, ""best/objective"": 0.3072994463145733, ""best/psnr"": 15.657811164855955, ""best/ssim"": 0.48674988746643066, ""best/ssim_style1"": 0.4814873933792114, ""best/ssim_style2"": 0.3979434967041016, ""best/ssim_style3"": 0.5792425870895386, ""epoch"": 100, ""train/d_fake"": 0.23389486667045797, ""train/d_real"": 0.2455636419469686, ""train/g_adv"": 3.891621545239884, ""train/g_l1"": 0.18933421150515123, ""val/l1"": 0.10225311666727066, ""val/objective"": 0.3105802722275257, ""val/psnr"": 15.51249885559082, ""val/ssim"": 0.4810925722122192, ""val/ssim_style1"": 0.4758274853229522, ""val/ssim_style2"": 0.3948069214820862, ""val/ssim_style3"": 0.571114718914032}",https://wandb.ai/aleenababar04-fast-nuces/genai-a1/runs/ckppha1y
task4-cgan,eval-task4_cgan,finished,eval,2026-10-03T15:14:34Z,0.02,"{""base_channels"": 64, ""batch_size"": 4, ""dropout"": 0.3005575058716044, ""l1_weight"": 121.06896936002164, ""lr_d"": 0.0004463590152176814, ""lr_g"": 0.00011844319751820384, ""style_dim"": 32, ""test_items"": 1046}","{""test/l1"": 0.10676434636116028, ""test/psnr"": 15.49686336517334, ""test/ssim"": 0.4719529151916504}",https://wandb.ai/aleenababar04-fast-nuces/genai-a1/runs/mn9kf8by
task4-cgan,final-task4_cgan,finished,final,2026-10-03T23:23:56Z,67.57,"{""base_channels"": 64, ""batch_size"": 4, ""dropout"": 0.3005575058716044, ""epochs"": 200, ""l1_weight"": 121.06896936002164, ""lr_d"": 0.0004463590152176814, ""lr_g"": 0.00011844319751820384, ""style_dim"": 32}","{""best/epoch"": 198, ""best/l1"": 0.09778957813978197, ""best/objective"": 0.3029770366847515, ""best/psnr"": 15.813080787658691, ""best/ssim"": 0.491835504770279, ""best/ssim_style1"": 0.48334288597106934, ""best/ssim_style2"": 0.4130444824695587, ""best/ssim_style3"": 0.5777930617332458, ""epoch"": 200, ""train/d_fake"": 0.24544777937035175, ""train/d_real"": 0.25471024437887635, ""train/g_adv"": 4.517368752559248, ""train/g_l1"": 0.17886524597582007, ""val/l1"": 0.09894692152738573, ""val/objective"": 0.30557359382510185, ""val/psnr"": 15.821470260620115, ""val/ssim"": 0.487799733877182, ""val/ssim_style1"": 0.487023413181305, ""val/ssim_style2"": 0.4052266776561737, ""val/ssim_style3"": 0.5696057081222534}",https://wandb.ai/aleenababar04-fast-nuces/genai-a1/runs/er8mjh8n
task4-cgan,eval-task4_cgan,finished,eval,2026-10-04T07:05:20Z,0.02,"{""base_channels"": 64, ""batch_size"": 4, ""dropout"": 0.3005575058716044, ""l1_weight"": 121.06896936002164, ""lr_d"": 0.0004463590152176814, ""lr_g"": 0.00011844319751820384, ""style_dim"": 32, ""test_items"": 1046}","{""test/l1"": 0.1074598878622055, ""test/psnr"": 15.36814308166504, ""test/ssim"": 0.47274458408355713}",https://wandb.ai/aleenababar04-fast-nuces/genai-a1/runs/tzke43ss
